ceph-0,384,
ceph-1,406,
ceph-2,444,
ceph-3,419,
ceph-4,402,
ceph-5,387,
ceph-6,404,
ceph-7,423,
ceph-8,432,
ceph-9,404,
ceph-10,412,
ceph-11,418,
ceph-12,410,
ceph-13,393,
ceph-14,404,
ceph-15,443,
ceph-16,397,
ceph-17,444,
ceph-18,438,
ceph-19,407,
ceph-20,419,
ceph-21,370,
ceph-22,407,
ceph-23,406,
ceph-24,396,
ceph-25,422,
ceph-26,426,
ceph-27,400,
ceph-28,407,
ceph-29,448,
ceph-30,386,
ceph-31,401,
ceph-32,404,
ceph-33,395,
ceph-34,416,
ceph-35,408,
ceph-36,414,
ceph-37,443,
ceph-38,399,
ceph-39,424,
ceph-40,416,
ceph-41,379,
ceph-42,404,
ceph-43,428,
ceph-44,430,
ceph-45,408,
ceph-46,383,
ceph-47,420,
ceph-48,433,
ceph-49,390,
ceph-50,427,
ceph-51,397,
ceph-52,399,
ceph-53,406,
ceph-54,417,
ceph-55,417,
ceph-56,382,
ceph-57,384,
ceph-58,383,
ceph-59,411,
ceph-0,384,
ceph-1,406,
ceph-2,444,
ceph-3,419,
ceph-4,402,
ceph-5,387,
ceph-6,404,
ceph-7,423,
ceph-8,432,
ceph-9,404,
ceph-10,412,
ceph-11,418,
ceph-12,410,
ceph-13,393,
ceph-14,404,
ceph-15,443,
ceph-16,397,
ceph-17,444,
ceph-18,438,
ceph-19,407,
ceph-20,419,
ceph-21,370,
ceph-22,407,
ceph-23,406,
ceph-24,396,
ceph-25,422,
ceph-26,426,
ceph-27,400,
ceph-28,407,
ceph-29,448,
ceph-30,386,
ceph-31,401,
ceph-32,404,
ceph-33,395,
ceph-34,416,
ceph-35,408,
ceph-36,414,
ceph-37,443,
ceph-38,399,
ceph-39,424,
ceph-40,416,
ceph-41,379,
ceph-42,404,
ceph-43,428,
ceph-44,430,
ceph-45,408,
ceph-46,383,
ceph-47,420,
ceph-48,433,
ceph-49,390,
ceph-50,427,
ceph-51,397,
ceph-52,399,
ceph-53,406,
ceph-54,417,
ceph-55,417,
ceph-56,382,
ceph-57,384,
ceph-58,383,
ceph-59,411,
